<?xml version="1.0" encoding="UTF-8"?>
<project-private xmlns="http://www.netbeans.org/ns/project-private/1">
    <editor-bookmarks xmlns="http://www.netbeans.org/ns/editor-bookmarks/2" lastBookmarkId="0"/>
    <open-files xmlns="http://www.netbeans.org/ns/projectui-open-files/2">
        <group>
            <file>file:/C:/Users/smuel/Escritorio/prolog/DiagnosticoMedico/SistemaExperto/src/controlador/GestorDiagnostico.java</file>
            <file>file:/C:/Users/smuel/Escritorio/prolog/DiagnosticoMedico/SistemaExperto/src/models/Diagnostico.java</file>
            <file>file:/C:/Users/smuel/Escritorio/prolog/DiagnosticoMedico/SistemaExperto/src/prolog/Prolog.java</file>
            <file>file:/C:/Users/smuel/Escritorio/prolog/DiagnosticoMedico/SistemaExperto/src/database/ConexionBD.java</file>
            <file>file:/C:/Users/smuel/Escritorio/prolog/DiagnosticoMedico/SistemaExperto/src/gui/JFInicio.java</file>
            <file>file:/C:/Users/smuel/Escritorio/prolog/DiagnosticoMedico/SistemaExperto/src/controlador/GestorEnfermedad.java</file>
            <file>file:/C:/Users/smuel/Escritorio/prolog/DiagnosticoMedico/SistemaExperto/src/controlador/GestorSintoma.java</file>
            <file>file:/C:/Users/smuel/Escritorio/prolog/DiagnosticoMedico/SistemaExperto/src/gui/JFSintomas.java</file>
            <file>file:/C:/Users/smuel/Escritorio/prolog/DiagnosticoMedico/SistemaExperto/src/gui/JFEnfermedades.java</file>
            <file>file:/C:/Users/smuel/Escritorio/prolog/DiagnosticoMedico/SistemaExperto/src/gui/JFAgregarSintoma.java</file>
            <file>file:/C:/Users/smuel/Escritorio/prolog/DiagnosticoMedico/SistemaExperto/src/gui/JFAgregarEnfermedad.java</file>
            <file>file:/C:/Users/smuel/Escritorio/prolog/DiagnosticoMedico/SistemaExperto/src/controlador/ExcepcionIdNoValido.java</file>
            <file>file:/C:/Users/smuel/Escritorio/prolog/DiagnosticoMedico/SistemaExperto/src/gui/JFUsuario.java</file>
        </group>
    </open-files>
</project-private>
